{"cameraMode":{"drawMode":0,"name":"Shaded","section":"Shading Mode"},"sceneLighting":true,"audioPlay":false,"sceneViewState":{"m_AlwaysRefresh":false,"showFog":false,"showSkybox":true,"showFlares":true,"showImageEffects":true,"showParticleSystems":true,"showVisualEffectGraphs":true,"m_FxEnabled":true},"in2DMode":false,"pivot":{"x":-8.868232727050782,"y":2.8944387435913088,"z":3.2450428009033205},"rotation":{"x":0.21527525782585145,"y":-0.18617767095565797,"z":0.041847795248031619,"w":0.9577305912971497},"size":3.9764926433563234,"orthographic":false}